station_from_nlc,station_to_nlc,time,line
641_Bakerloo,511_Bakerloo,1.5,Bakerloo
685_Bakerloo,511_Bakerloo,2,Bakerloo
542_Bakerloo,732_Bakerloo,1,Bakerloo
674_Bakerloo,732_Bakerloo,1.5,Bakerloo
641_Bakerloo,774_Bakerloo,1,Bakerloo
670_Bakerloo,774_Bakerloo,1.5,Bakerloo
628_Bakerloo,570_Bakerloo,2.5,Bakerloo
732_Bakerloo,542_Bakerloo,1.5,Bakerloo
747_Bakerloo,542_Bakerloo,1.5,Bakerloo
717_Bakerloo,596_Bakerloo,2.4,Bakerloo
1457_Bakerloo,596_Bakerloo,2,Bakerloo
620_Bakerloo,597_Bakerloo,3,Bakerloo
680_Bakerloo,617_Bakerloo,2.72,Bakerloo
1457_Bakerloo,617_Bakerloo,2.5,Bakerloo
597_Bakerloo,620_Bakerloo,2.5,Bakerloo
1453_Bakerloo,620_Bakerloo,2,Bakerloo
637_Bakerloo,623_Bakerloo,1.5,Bakerloo
680_Bakerloo,623_Bakerloo,1.5,Bakerloo
570_Bakerloo,628_Bakerloo,2,Bakerloo
747_Bakerloo,628_Bakerloo,2,Bakerloo
623_Bakerloo,637_Bakerloo,2,Bakerloo
746_Bakerloo,637_Bakerloo,1.5,Bakerloo
511_Bakerloo,641_Bakerloo,1.5,Bakerloo
774_Bakerloo,641_Bakerloo,1.5,Bakerloo
1453_Bakerloo,659_Bakerloo,1.5,Bakerloo
751_Bakerloo,659_Bakerloo,2,Bakerloo
674_Bakerloo,669_Bakerloo,2.19,Bakerloo
685_Bakerloo,669_Bakerloo,2,Bakerloo
774_Bakerloo,670_Bakerloo,2,Bakerloo
746_Bakerloo,670_Bakerloo,2,Bakerloo
732_Bakerloo,674_Bakerloo,2,Bakerloo
669_Bakerloo,674_Bakerloo,2.48,Bakerloo
617_Bakerloo,680_Bakerloo,4.72,Bakerloo
623_Bakerloo,680_Bakerloo,2.89,Bakerloo
511_Bakerloo,685_Bakerloo,2,Bakerloo
669_Bakerloo,685_Bakerloo,2,Bakerloo
620_Bakerloo,1453_Bakerloo,2,Bakerloo
659_Bakerloo,1453_Bakerloo,1.5,Bakerloo
596_Bakerloo,717_Bakerloo,2.53,Bakerloo
751_Bakerloo,717_Bakerloo,3.13,Bakerloo
637_Bakerloo,746_Bakerloo,1.5,Bakerloo
670_Bakerloo,746_Bakerloo,2,Bakerloo
542_Bakerloo,747_Bakerloo,1.5,Bakerloo
628_Bakerloo,747_Bakerloo,2.06,Bakerloo
659_Bakerloo,751_Bakerloo,2.06,Bakerloo
717_Bakerloo,751_Bakerloo,3.17,Bakerloo
596_Bakerloo,1457_Bakerloo,2.23,Bakerloo
617_Bakerloo,1457_Bakerloo,3.15,Bakerloo
634_Central,513_Central,2,Central
697_Central,513_Central,2,Central
576_Central,515_Central,1.75,Central
650_Central,515_Central,1.75,Central
634_Central,520_Central,2.75,Central
642_Central,520_Central,2.25,Central
640_Central,524_Central,1.25,Central
669_Central,524_Central,1.25,Central
636_Central,531_Central,2.5,Central
769_Central,531_Central,2.5,Central
607_Central,541_Central,1,Central
697_Central,541_Central,1.75,Central
587_Central,544_Central,2,Central
688_Central,544_Central,2.25,Central
636_Central,557_Central,2.25,Central
725_Central,557_Central,3.25,Central
753_Central,560_Central,2.82,Central
653_Central,563_Central,1.75,Central
764_Central,563_Central,3,Central
725_Central,572_Central,2.75,Central
515_Central,576_Central,1.79,Central
592_Central,576_Central,2,Central
650_Central,582_Central,3,Central
684_Central,582_Central,1.75,Central
544_Central,587_Central,2.11,Central
592_Central,587_Central,1.79,Central
657_Central,589_Central,2,Central
673_Central,589_Central,2.25,Central
576_Central,592_Central,4.12,Central
587_Central,592_Central,4.32,Central
653_Central,595_Central,3,Central
673_Central,595_Central,2.26,Central
541_Central,607_Central,1.25,Central
728_Central,607_Central,2.01,Central
663_Central,608_Central,1.5,Central
700_Central,608_Central,1.75,Central
640_Central,629_Central,2,Central
681_Central,629_Central,1.5,Central
633_Central,632_Central,2.25,Central
719_Central,632_Central,2.75,Central
632_Central,633_Central,2.76,Central
703_Central,633_Central,3.33,Central
743_Central,633_Central,3.64,Central
513_Central,634_Central,2.25,Central
520_Central,634_Central,3.25,Central
531_Central,636_Central,2.53,Central
557_Central,636_Central,3.4,Central
524_Central,640_Central,1.5,Central
629_Central,640_Central,2.5,Central
520_Central,642_Central,2.25,Central
719_Central,642_Central,3,Central
515_Central,650_Central,2.35,Central
582_Central,650_Central,2.98,Central
563_Central,653_Central,2.54,Central
595_Central,653_Central,3.48,Central
753_Central,653_Central,3.26,Central
589_Central,657_Central,2.28,Central
710_Central,657_Central,2.5,Central
608_Central,663_Central,1.5,Central
681_Central,663_Central,1.5,Central
524_Central,669_Central,1.5,Central
728_Central,669_Central,1.5,Central
589_Central,673_Central,2.25,Central
595_Central,673_Central,2.25,Central
629_Central,681_Central,1.75,Central
663_Central,681_Central,1.5,Central
582_Central,684_Central,2,Central
743_Central,684_Central,2,Central
544_Central,688_Central,2.5,Central
769_Central,688_Central,2.5,Central
710_Central,692_Central,1.54,Central
762_Central,692_Central,2.5,Central
608_Central,700_Central,1.75,Central
764_Central,700_Central,2.75,Central
633_Central,703_Central,2.25,Central
712_Central,703_Central,1.75,Central
657_Central,710_Central,2.5,Central
692_Central,710_Central,1.5,Central
703_Central,712_Central,1.75,Central
769_Central,712_Central,2.25,Central
513_Central,697_Central,2,Central
541_Central,697_Central,2,Central
632_Central,719_Central,2.75,Central
642_Central,719_Central,3.25,Central
557_Central,725_Central,3,Central
572_Central,725_Central,2.5,Central
607_Central,728_Central,1.75,Central
669_Central,728_Central,1.5,Central
633_Central,743_Central,2.25,Central
684_Central,743_Central,1.75,Central
560_Central,753_Central,2.25,Central
653_Central,753_Central,2.76,Central
692_Central,762_Central,2.75,Central
563_Central,764_Central,3.71,Central
700_Central,764_Central,3.97,Central
531_Central,769_Central,2.53,Central
688_Central,769_Central,2.22,Central
712_Central,769_Central,2.26,Central
634_Circle,502_Circle,2.51,Circle
731_Circle,502_Circle,3.18,Circle
774_Circle,511_Circle,2.5,Circle
588_Circle,511_Circle,2.07,Circle
577_Circle,501_Circle,1.5,Circle
645_Circle,501_Circle,1.5,Circle
663_Circle,517_Circle,2,Circle
670_Circle,517_Circle,2,Circle
639_Circle,521_Circle,1.5,Circle
724_Circle,521_Circle,2,Circle
639_Circle,536_Circle,1,Circle
644_Circle,536_Circle,1,Circle
511_Circle,774_Circle,3.08,Circle
670_Circle,774_Circle,3.72,Circle
670_Circle,774_Circle,3.72,Circle
724_Circle,542_Circle,2.01,Circle
761_Circle,542_Circle,2,Circle
588_Circle,575_Circle,1.5,Circle
625_Circle,575_Circle,2,Circle
501_Circle,577_Circle,1.51,Circle
625_Circle,577_Circle,3.5,Circle
605_Circle,583_Circle,2.9,Circle
708_Circle,583_Circle,2.54,Circle
773_Circle,585_Circle,2,Circle
775_Circle,585_Circle,1,Circle
511_Circle,588_Circle,2,Circle
575_Circle,588_Circle,1.5,Circle
585_Circle,773_Circle,3.03,Circle
583_Circle,605_Circle,2.92,Circle
663_Circle,605_Circle,3.36,Circle
575_Circle,625_Circle,2,Circle
577_Circle,625_Circle,3.5,Circle
630_Circle,627_Circle,1.5,Circle
754_Circle,627_Circle,1.5,Circle
627_Circle,630_Circle,1.5,Circle
599_Circle,630_Circle,1.5,Circle
502_Circle,634_Circle,2.42,Circle
645_Circle,634_Circle,1.51,Circle
521_Circle,639_Circle,1.52,Circle
536_Circle,639_Circle,1.5,Circle
536_Circle,644_Circle,1.5,Circle
731_Circle,644_Circle,1.5,Circle
501_Circle,645_Circle,1.5,Circle
634_Circle,645_Circle,1.5,Circle
517_Circle,663_Circle,2,Circle
605_Circle,663_Circle,2,Circle
517_Circle,670_Circle,2.01,Circle
774_Circle,670_Circle,2,Circle
774_Circle,670_Circle,2,Circle
690_Circle,670_Circle,2,Circle
670_Circle,690_Circle,1.5,Circle
754_Circle,690_Circle,2,Circle
585_Circle,775_Circle,1.5,Circle
599_Circle,775_Circle,1.5,Circle
708_Circle,702_Circle,2,Circle
741_Circle,702_Circle,2,Circle
583_Circle,708_Circle,1.5,Circle
702_Circle,708_Circle,2.5,Circle
741_Circle,695_Circle,1.5,Circle
761_Circle,695_Circle,1.5,Circle
521_Circle,724_Circle,1.5,Circle
542_Circle,724_Circle,2,Circle
502_Circle,731_Circle,2.1,Circle
644_Circle,731_Circle,2.07,Circle
702_Circle,741_Circle,2,Circle
695_Circle,741_Circle,2,Circle
627_Circle,754_Circle,1.5,Circle
690_Circle,754_Circle,2,Circle
542_Circle,761_Circle,1.5,Circle
695_Circle,761_Circle,2,Circle
630_Circle,599_Circle,1.5,Circle
775_Circle,599_Circle,1.5,Circle
545_District,500_District,2.06,District
561_District,500_District,2.96,District
731_District,503_District,2.21,District
763_District,503_District,2.05,District
566_District,514_District,4.06,District
738_District,514_District,3.82,District
593_District,516_District,2,District
760_District,516_District,1.5,District
663_District,517_District,2,District
670_District,517_District,2,District
556_District,518_District,2.5,District
738_District,518_District,2.51,District
639_District,521_District,1.5,District
724_District,521_District,2,District
530_District,528_District,2.5,District
642_District,528_District,1.5,District
528_District,530_District,2,District
757_District,530_District,2,District
639_District,536_District,1,District
644_District,536_District,1,District
500_District,545_District,2,District
734_District,545_District,2,District
556_District,555_District,2.3,District
571_District,555_District,3.18,District
518_District,556_District,2.51,District
555_District,556_District,2,District
561_District,560_District,3.54,District
500_District,561_District,2,District
560_District,561_District,3,District
583_District,562_District,3.59,District
605_District,562_District,3.82,District
3092_District,562_District,3.94,District
755_District,562_District,3.24,District
760_District,562_District,3.3,District
514_District,566_District,3,District
739_District,566_District,2,District
678_District,567_District,2,District
705_District,567_District,2.5,District
670_District,774_District,2.5,District
555_District,571_District,3,District
610_District,571_District,2.5,District
724_District,542_District,2,District
761_District,542_District,2,District
672_District,581_District,2,District
755_District,581_District,1.5,District
562_District,583_District,2.65,District
708_District,583_District,2.01,District
621_District,591_District,3,District
734_District,591_District,3,District
516_District,593_District,1.5,District
682_District,593_District,2,District
562_District,605_District,3.12,District
663_District,605_District,3.36,District
571_District,610_District,2.5,District
737_District,610_District,2,District
562_District,3092_District,3,District
591_District,621_District,2.5,District
5570_District,621_District,3,District
521_District,639_District,1.52,District
536_District,639_District,1.5,District
528_District,642_District,1.5,District
715_District,642_District,2,District
536_District,644_District,1.5,District
731_District,644_District,1.5,District
517_District,663_District,2,District
605_District,663_District,2,District
517_District,670_District,2.01,District
774_District,670_District,2,District
581_District,672_District,2,District
678_District,672_District,2,District
739_District,676_District,2.01,District
757_District,676_District,2,District
567_District,678_District,2,District
672_District,678_District,2.5,District
593_District,682_District,2,District
713_District,682_District,1.5,District
621_District,5570_District,3.5,District
708_District,702_District,2,District
741_District,702_District,2,District
583_District,708_District,1.5,District
702_District,708_District,2.5,District
567_District,705_District,2.5,District
768_District,705_District,2,District
741_District,695_District,1.5,District
761_District,695_District,1.5,District
682_District,713_District,1.5,District
734_District,713_District,1.5,District
642_District,715_District,2,District
763_District,715_District,2,District
521_District,724_District,1.5,District
542_District,724_District,2,District
503_District,731_District,3.65,District
644_District,731_District,2.43,District
545_District,734_District,2.09,District
591_District,734_District,3.67,District
713_District,734_District,1.58,District
737_District,736_District,2.01,District
610_District,737_District,2,District
736_District,737_District,2.03,District
514_District,738_District,2.01,District
518_District,738_District,2.5,District
566_District,739_District,2.5,District
676_District,739_District,2,District
702_District,741_District,2,District
695_District,741_District,2,District
562_District,755_District,1.5,District
581_District,755_District,1.5,District
530_District,757_District,2,District
676_District,757_District,1.5,District
516_District,760_District,1.5,District
562_District,760_District,2,District
542_District,761_District,1.5,District
695_District,761_District,2,District
503_District,763_District,2.76,District
715_District,763_District,3.51,District
768_District,5578_District,3.08,District
705_District,768_District,2.51,District
5578_District,768_District,3,District
1039_East London,788_East London,1,East London
1083_East London,788_East London,1.5,East London
1083_East London,5150_East London,4.5,East London
1083_East London,5345_East London,3.5,East London
788_East London,1039_East London,1,East London
744_East London,1039_East London,1.5,East London
744_East London,1082_East London,1.5,East London
763_East London,1082_East London,2,East London
763_East London,1024_East London,2,East London
788_East London,1083_East London,2.09,East London
5150_East London,1083_East London,4,East London
5345_East London,1083_East London,3.5,East London
1039_East London,744_East London,1.5,East London
1082_East London,744_East London,1.5,East London
1082_East London,763_East London,2.17,East London
1024_East London,763_East London,2,East London
634_H & C,503_H & C,2.78,H & C
763_H & C,503_H & C,2.06,H & C
774_H & C,511_H & C,2.5,H & C
588_H & C,511_H & C,2.07,H & C
577_H & C,501_H & C,1.5,H & C
645_H & C,501_H & C,1.5,H & C
566_H & C,514_H & C,3.49,H & C
530_H & C,528_H & C,2.5,H & C
642_H & C,528_H & C,1.5,H & C
528_H & C,530_H & C,2,H & C
757_H & C,530_H & C,2,H & C
514_H & C,566_H & C,3.5,H & C
739_H & C,566_H & C,2,H & C
511_H & C,774_H & C,3.08,H & C
670_H & C,774_H & C,3.72,H & C
588_H & C,575_H & C,1.5,H & C
625_H & C,575_H & C,2,H & C
501_H & C,577_H & C,1.51,H & C
625_H & C,577_H & C,3.5,H & C
773_H & C,585_H & C,2,H & C
775_H & C,585_H & C,1,H & C
511_H & C,588_H & C,2,H & C
575_H & C,588_H & C,1.5,H & C
585_H & C,773_H & C,3.03,H & C
575_H & C,625_H & C,2,H & C
577_H & C,625_H & C,3.5,H & C
630_H & C,627_H & C,1.5,H & C
754_H & C,627_H & C,1.5,H & C
627_H & C,630_H & C,1.5,H & C
599_H & C,630_H & C,1.5,H & C
503_H & C,634_H & C,2.5,H & C
645_H & C,634_H & C,1.51,H & C
528_H & C,642_H & C,1.5,H & C
715_H & C,642_H & C,2,H & C
501_H & C,645_H & C,1.5,H & C
634_H & C,645_H & C,1.5,H & C
774_H & C,670_H & C,2,H & C
690_H & C,670_H & C,2,H & C
739_H & C,676_H & C,2.5,H & C
757_H & C,676_H & C,2.04,H & C
670_H & C,690_H & C,1.5,H & C
754_H & C,690_H & C,2,H & C
585_H & C,775_H & C,1.5,H & C
599_H & C,775_H & C,1.5,H & C
642_H & C,715_H & C,2,H & C
763_H & C,715_H & C,2,H & C
566_H & C,739_H & C,2,H & C
676_H & C,739_H & C,2,H & C
530_H & C,757_H & C,2,H & C
676_H & C,757_H & C,1.5,H & C
627_H & C,754_H & C,1.5,H & C
690_H & C,754_H & C,2,H & C
503_H & C,763_H & C,2.01,H & C
715_H & C,763_H & C,2.56,H & C
630_H & C,599_H & C,1.5,H & C
775_H & C,599_H & C,1.5,H & C
524_Jubilee,511_Jubilee,2.5,Jubilee
696_Jubilee,511_Jubilee,3.5,Jubilee
788_Jubilee,787_Jubilee,2,Jubilee
635_Jubilee,787_Jubilee,2.5,Jubilee
511_Jubilee,524_Jubilee,2.5,Jubilee
590_Jubilee,524_Jubilee,2.5,Jubilee
787_Jubilee,788_Jubilee,2,Jubilee
666_Jubilee,788_Jubilee,3,Jubilee
788_Jubilee,666_Jubilee,3.02,Jubilee
789_Jubilee,666_Jubilee,2.5,Jubilee
789_Jubilee,884_Jubilee,2.5,Jubilee
757_Jubilee,884_Jubilee,2.5,Jubilee
679_Jubilee,537_Jubilee,2.5,Jubilee
714_Jubilee,537_Jubilee,2,Jubilee
649_Jubilee,558_Jubilee,1.5,Jubilee
765_Jubilee,558_Jubilee,2,Jubilee
723_Jubilee,579_Jubilee,2,Jubilee
758_Jubilee,579_Jubilee,1.5,Jubilee
524_Jubilee,590_Jubilee,2.5,Jubilee
761_Jubilee,590_Jubilee,2.01,Jubilee
758_Jubilee,622_Jubilee,2,Jubilee
765_Jubilee,622_Jubilee,2,Jubilee
679_Jubilee,624_Jubilee,2,Jubilee
752_Jubilee,624_Jubilee,4,Jubilee
787_Jubilee,635_Jubilee,2.5,Jubilee
784_Jubilee,635_Jubilee,2.5,Jubilee
558_Jubilee,649_Jubilee,1.5,Jubilee
752_Jubilee,649_Jubilee,3.01,Jubilee
666_Jubilee,789_Jubilee,3.49,Jubilee
884_Jubilee,789_Jubilee,2.99,Jubilee
537_Jubilee,679_Jubilee,2.5,Jubilee
624_Jubilee,679_Jubilee,2,Jubilee
635_Jubilee,784_Jubilee,2,Jubilee
796_Jubilee,784_Jubilee,1,Jubilee
511_Jubilee,696_Jubilee,3.5,Jubilee
723_Jubilee,696_Jubilee,2,Jubilee
537_Jubilee,714_Jubilee,3.09,Jubilee
757_Jubilee,719_Jubilee,3.77,Jubilee
579_Jubilee,723_Jubilee,1.5,Jubilee
696_Jubilee,723_Jubilee,1.5,Jubilee
784_Jubilee,796_Jubilee,1.5,Jubilee
761_Jubilee,796_Jubilee,2,Jubilee
624_Jubilee,752_Jubilee,4.56,Jubilee
649_Jubilee,752_Jubilee,3.53,Jubilee
884_Jubilee,757_Jubilee,2.58,Jubilee
719_Jubilee,757_Jubilee,3.12,Jubilee
579_Jubilee,758_Jubilee,1.51,Jubilee
622_Jubilee,758_Jubilee,2,Jubilee
590_Jubilee,761_Jubilee,2.5,Jubilee
796_Jubilee,761_Jubilee,2.01,Jubilee
558_Jubilee,765_Jubilee,2.14,Jubilee
622_Jubilee,765_Jubilee,2.22,Jubilee
634_Metropolitan,502_Metropolitan,2.2,Metropolitan
539_Metropolitan,506_Metropolitan,4,Metropolitan
579_Metropolitan,511_Metropolitan,6.4,Metropolitan
588_Metropolitan,511_Metropolitan,3.82,Metropolitan
577_Metropolitan,501_Metropolitan,1.5,Metropolitan
645_Metropolitan,501_Metropolitan,1.5,Metropolitan
506_Metropolitan,539_Metropolitan,4,Metropolitan
543_Metropolitan,539_Metropolitan,8.5,Metropolitan
546_Metropolitan,539_Metropolitan,4.5,Metropolitan
539_Metropolitan,543_Metropolitan,8.5,Metropolitan
539_Metropolitan,546_Metropolitan,4,Metropolitan
687_Metropolitan,546_Metropolitan,4,Metropolitan
646_Metropolitan,554_Metropolitan,4.5,Metropolitan
748_Metropolitan,554_Metropolitan,3,Metropolitan
683_Metropolitan,564_Metropolitan,2.5,Metropolitan
693_Metropolitan,564_Metropolitan,2,Metropolitan
588_Metropolitan,575_Metropolitan,1.5,Metropolitan
625_Metropolitan,575_Metropolitan,2,Metropolitan
501_Metropolitan,577_Metropolitan,1.5,Metropolitan
625_Metropolitan,577_Metropolitan,3.5,Metropolitan
511_Metropolitan,579_Metropolitan,5.51,Metropolitan
598_Metropolitan,579_Metropolitan,11.5,Metropolitan
752_Metropolitan,579_Metropolitan,7.52,Metropolitan
511_Metropolitan,588_Metropolitan,2,Metropolitan
575_Metropolitan,588_Metropolitan,1.5,Metropolitan
579_Metropolitan,598_Metropolitan,11,Metropolitan
646_Metropolitan,598_Metropolitan,10,Metropolitan
656_Metropolitan,598_Metropolitan,4.49,Metropolitan
660_Metropolitan,598_Metropolitan,3.03,Metropolitan
759_Metropolitan,598_Metropolitan,4,Metropolitan
615_Metropolitan,606_Metropolitan,2,Metropolitan
740_Metropolitan,606_Metropolitan,3,Metropolitan
606_Metropolitan,615_Metropolitan,2,Metropolitan
691_Metropolitan,615_Metropolitan,2.5,Metropolitan
575_Metropolitan,625_Metropolitan,2,Metropolitan
577_Metropolitan,625_Metropolitan,3.5,Metropolitan
502_Metropolitan,634_Metropolitan,2.38,Metropolitan
645_Metropolitan,634_Metropolitan,1.53,Metropolitan
554_Metropolitan,646_Metropolitan,4,Metropolitan
598_Metropolitan,646_Metropolitan,9.5,Metropolitan
661_Metropolitan,646_Metropolitan,3,Metropolitan
687_Metropolitan,646_Metropolitan,4.5,Metropolitan
501_Metropolitan,645_Metropolitan,1.5,Metropolitan
634_Metropolitan,645_Metropolitan,1.5,Metropolitan
598_Metropolitan,656_Metropolitan,3,Metropolitan
675_Metropolitan,656_Metropolitan,2.5,Metropolitan
598_Metropolitan,660_Metropolitan,2,Metropolitan
677_Metropolitan,660_Metropolitan,2.5,Metropolitan
646_Metropolitan,661_Metropolitan,3,Metropolitan
662_Metropolitan,661_Metropolitan,2.5,Metropolitan
661_Metropolitan,662_Metropolitan,2.5,Metropolitan
675_Metropolitan,662_Metropolitan,2.5,Metropolitan
656_Metropolitan,675_Metropolitan,2.5,Metropolitan
662_Metropolitan,675_Metropolitan,2.5,Metropolitan
660_Metropolitan,677_Metropolitan,2,Metropolitan
752_Metropolitan,677_Metropolitan,2.5,Metropolitan
564_Metropolitan,683_Metropolitan,3,Metropolitan
759_Metropolitan,683_Metropolitan,2.5,Metropolitan
546_Metropolitan,687_Metropolitan,4.58,Metropolitan
646_Metropolitan,687_Metropolitan,5,Metropolitan
615_Metropolitan,691_Metropolitan,2.5,Metropolitan
693_Metropolitan,691_Metropolitan,1.5,Metropolitan
564_Metropolitan,693_Metropolitan,2,Metropolitan
691_Metropolitan,693_Metropolitan,1.5,Metropolitan
606_Metropolitan,740_Metropolitan,3.54,Metropolitan
554_Metropolitan,748_Metropolitan,3.5,Metropolitan
579_Metropolitan,752_Metropolitan,7,Metropolitan
677_Metropolitan,752_Metropolitan,2.53,Metropolitan
598_Metropolitan,759_Metropolitan,2,Metropolitan
683_Metropolitan,759_Metropolitan,2,Metropolitan
625_Northern,507_Northern,2.5,Northern
665_Northern,507_Northern,2.5,Northern
604_Northern,508_Northern,3,Northern
733_Northern,508_Northern,2,Northern
549_Northern,512_Northern,2,Northern
726_Northern,512_Northern,2,Northern
635_Northern,513_Northern,2,Northern
645_Northern,513_Northern,2,Northern
540_Northern,519_Northern,2,Northern
594_Northern,519_Northern,2,Northern
570_Northern,525_Northern,2,Northern
635_Northern,525_Northern,1.5,Northern
584_Northern,529_Northern,2.5,Northern
601_Northern,529_Northern,2,Northern
551_Northern,532_Northern,2,Northern
568_Northern,532_Northern,2.5,Northern
540_Northern,535_Northern,2.56,Northern
574_Northern,535_Northern,4.02,Northern
619_Northern,535_Northern,3.08,Northern
648_Northern,535_Northern,2.04,Northern
519_Northern,540_Northern,2,Northern
535_Northern,540_Northern,1.5,Northern
542_Northern,732_Northern,1,Northern
631_Northern,732_Northern,1.5,Northern
548_Northern,547_Northern,1.5,Northern
549_Northern,547_Northern,2.5,Northern
547_Northern,548_Northern,1.5,Northern
716_Northern,548_Northern,1.5,Northern
512_Northern,549_Northern,2,Northern
547_Northern,549_Northern,2.5,Northern
532_Northern,551_Northern,2.5,Northern
601_Northern,551_Northern,3,Northern
711_Northern,552_Northern,2,Northern
727_Northern,552_Northern,2,Northern
578_Northern,565_Northern,3.5,Northern
604_Northern,565_Northern,3,Northern
532_Northern,568_Northern,3.6,Northern
525_Northern,570_Northern,2,Northern
616_Northern,570_Northern,2,Northern
732_Northern,542_Northern,1,Northern
747_Northern,542_Northern,2,Northern
535_Northern,574_Northern,3.55,Northern
625_Northern,574_Northern,1.52,Northern
648_Northern,574_Northern,2,Northern
745_Northern,574_Northern,1.5,Northern
565_Northern,578_Northern,4.26,Northern
1527_Northern,578_Northern,3,Northern
756_Northern,578_Northern,2.51,Northern
529_Northern,584_Northern,3.64,Northern
594_Northern,584_Northern,5.36,Northern
728_Northern,586_Northern,1.5,Northern
745_Northern,586_Northern,1.5,Northern
519_Northern,594_Northern,2.5,Northern
584_Northern,594_Northern,3.5,Northern
529_Northern,601_Northern,2,Northern
551_Northern,601_Northern,3,Northern
730_Northern,602_Northern,4.5,Northern
508_Northern,604_Northern,3,Northern
565_Northern,604_Northern,3,Northern
570_Northern,616_Northern,3.47,Northern
668_Northern,616_Northern,2.91,Northern
747_Northern,616_Northern,3.4,Northern
535_Northern,619_Northern,2,Northern
733_Northern,619_Northern,1.5,Northern
507_Northern,625_Northern,2.5,Northern
574_Northern,625_Northern,1.5,Northern
732_Northern,631_Northern,1.5,Northern
728_Northern,631_Northern,1,Northern
513_Northern,635_Northern,2,Northern
525_Northern,635_Northern,1.5,Northern
578_Northern,1527_Northern,2.5,Northern
513_Northern,645_Northern,2.01,Northern
665_Northern,645_Northern,1.51,Northern
711_Northern,647_Northern,3.56,Northern
535_Northern,648_Northern,1.5,Northern
574_Northern,648_Northern,1.5,Northern
507_Northern,665_Northern,3,Northern
645_Northern,665_Northern,1.5,Northern
616_Northern,668_Northern,2,Northern
716_Northern,668_Northern,2.5,Northern
552_Northern,711_Northern,2,Northern
647_Northern,711_Northern,2.5,Northern
548_Northern,716_Northern,2,Northern
668_Northern,716_Northern,2.5,Northern
512_Northern,726_Northern,2,Northern
727_Northern,726_Northern,2,Northern
552_Northern,727_Northern,2,Northern
726_Northern,727_Northern,2,Northern
586_Northern,728_Northern,1.5,Northern
631_Northern,728_Northern,1.5,Northern
602_Northern,730_Northern,3.5,Northern
771_Northern,730_Northern,2.5,Northern
508_Northern,733_Northern,1.5,Northern
619_Northern,733_Northern,1.5,Northern
574_Northern,745_Northern,1.5,Northern
586_Northern,745_Northern,1.5,Northern
542_Northern,747_Northern,1.5,Northern
616_Northern,747_Northern,3,Northern
578_Northern,756_Northern,2,Northern
771_Northern,756_Northern,1.5,Northern
730_Northern,771_Northern,2.5,Northern
756_Northern,771_Northern,2,Northern
561_Piccadilly,500_Piccadilly,3.45,Piccadilly
593_Piccadilly,500_Piccadilly,6.87,Piccadilly
704_Piccadilly,500_Piccadilly,4.28,Piccadilly
671_Piccadilly,505_Piccadilly,2.5,Piccadilly
721_Piccadilly,505_Piccadilly,2.5,Piccadilly
527_Piccadilly,509_Piccadilly,3.91,Piccadilly
706_Piccadilly,509_Piccadilly,4.35,Piccadilly
6119_Piccadilly,510_Piccadilly,1.5,Piccadilly
609_Piccadilly,510_Piccadilly,1.5,Piccadilly
562_Piccadilly,516_Piccadilly,3,Piccadilly
593_Piccadilly,516_Piccadilly,2,Piccadilly
655_Piccadilly,526_Piccadilly,2,Piccadilly
667_Piccadilly,526_Piccadilly,3,Piccadilly
509_Piccadilly,527_Piccadilly,2,Piccadilly
770_Piccadilly,527_Piccadilly,2.5,Piccadilly
609_Piccadilly,534_Piccadilly,1.5,Piccadilly
625_Piccadilly,534_Piccadilly,3.5,Piccadilly
664_Piccadilly,550_Piccadilly,3.09,Piccadilly
607_Piccadilly,553_Piccadilly,2,Piccadilly
631_Piccadilly,553_Piccadilly,1.01,Piccadilly
500_Piccadilly,561_Piccadilly,2.01,Piccadilly
654_Piccadilly,561_Piccadilly,2.5,Piccadilly
516_Piccadilly,562_Piccadilly,3,Piccadilly
583_Piccadilly,562_Piccadilly,1.5,Piccadilly
683_Piccadilly,564_Piccadilly,2.5,Piccadilly
693_Piccadilly,564_Piccadilly,2,Piccadilly
510_Piccadilly,6119_Piccadilly,1.5,Piccadilly
638_Piccadilly,6119_Piccadilly,2,Piccadilly
562_Piccadilly,583_Piccadilly,1.5,Piccadilly
708_Piccadilly,583_Piccadilly,1.5,Piccadilly
614_Piccadilly,590_Piccadilly,2.02,Piccadilly
674_Piccadilly,590_Piccadilly,1.5,Piccadilly
500_Piccadilly,593_Piccadilly,5.53,Piccadilly
516_Piccadilly,593_Piccadilly,2,Piccadilly
780_Piccadilly,779_Piccadilly,3,Piccadilly
613_Piccadilly,779_Piccadilly,5.5,Piccadilly
779_Piccadilly,780_Piccadilly,4,Piccadilly
781_Piccadilly,780_Piccadilly,5,Piccadilly
783_Piccadilly,780_Piccadilly,4,Piccadilly
779_Piccadilly,781_Piccadilly,2.5,Piccadilly
780_Piccadilly,783_Piccadilly,3.5,Piccadilly
615_Piccadilly,606_Piccadilly,2,Piccadilly
740_Piccadilly,606_Piccadilly,3,Piccadilly
553_Piccadilly,607_Piccadilly,1.5,Piccadilly
694_Piccadilly,607_Piccadilly,1.5,Piccadilly
510_Piccadilly,609_Piccadilly,1.5,Piccadilly
534_Piccadilly,609_Piccadilly,1.5,Piccadilly
612_Piccadilly,611_Piccadilly,1.5,Piccadilly
613_Piccadilly,611_Piccadilly,2.5,Piccadilly
611_Piccadilly,612_Piccadilly,1.5,Piccadilly
667_Piccadilly,612_Piccadilly,2,Piccadilly
779_Piccadilly,613_Piccadilly,3.5,Piccadilly
611_Piccadilly,613_Piccadilly,2,Piccadilly
590_Piccadilly,614_Piccadilly,2.02,Piccadilly
626_Piccadilly,614_Piccadilly,1.5,Piccadilly
606_Piccadilly,615_Piccadilly,2,Piccadilly
691_Piccadilly,615_Piccadilly,2.5,Piccadilly
534_Piccadilly,625_Piccadilly,3.52,Piccadilly
694_Piccadilly,625_Piccadilly,2.05,Piccadilly
614_Piccadilly,626_Piccadilly,1.5,Piccadilly
708_Piccadilly,626_Piccadilly,3,Piccadilly
553_Piccadilly,631_Piccadilly,1,Piccadilly
674_Piccadilly,631_Piccadilly,1.5,Piccadilly
6119_Piccadilly,638_Piccadilly,2,Piccadilly
735_Piccadilly,638_Piccadilly,3,Piccadilly
561_Piccadilly,654_Piccadilly,2,Piccadilly
671_Piccadilly,654_Piccadilly,2.03,Piccadilly
526_Piccadilly,655_Piccadilly,3.38,Piccadilly
704_Piccadilly,655_Piccadilly,1.98,Piccadilly
550_Piccadilly,664_Piccadilly,2.45,Piccadilly
706_Piccadilly,664_Piccadilly,3.51,Piccadilly
526_Piccadilly,667_Piccadilly,3,Piccadilly
612_Piccadilly,667_Piccadilly,2,Piccadilly
505_Piccadilly,671_Piccadilly,2.5,Piccadilly
654_Piccadilly,671_Piccadilly,2,Piccadilly
590_Piccadilly,674_Piccadilly,1.5,Piccadilly
631_Piccadilly,674_Piccadilly,1.5,Piccadilly
564_Piccadilly,683_Piccadilly,3.95,Piccadilly
707_Piccadilly,683_Piccadilly,3.06,Piccadilly
615_Piccadilly,691_Piccadilly,2.5,Piccadilly
693_Piccadilly,691_Piccadilly,1.5,Piccadilly
564_Piccadilly,693_Piccadilly,2,Piccadilly
691_Piccadilly,693_Piccadilly,1.5,Piccadilly
607_Piccadilly,694_Piccadilly,2,Piccadilly
625_Piccadilly,694_Piccadilly,2,Piccadilly
500_Piccadilly,704_Piccadilly,3.02,Piccadilly
655_Piccadilly,704_Piccadilly,1.5,Piccadilly
683_Piccadilly,707_Piccadilly,4.46,Piccadilly
720_Piccadilly,707_Piccadilly,2.75,Piccadilly
583_Piccadilly,708_Piccadilly,1.5,Piccadilly
626_Piccadilly,708_Piccadilly,2.5,Piccadilly
509_Piccadilly,706_Piccadilly,2.51,Piccadilly
664_Piccadilly,706_Piccadilly,2.5,Piccadilly
707_Piccadilly,720_Piccadilly,2,Piccadilly
721_Piccadilly,720_Piccadilly,2.5,Piccadilly
505_Piccadilly,721_Piccadilly,2.5,Piccadilly
720_Piccadilly,721_Piccadilly,2.5,Piccadilly
638_Piccadilly,735_Piccadilly,3,Piccadilly
770_Piccadilly,735_Piccadilly,1.5,Piccadilly
606_Piccadilly,740_Piccadilly,3.5,Piccadilly
527_Piccadilly,770_Piccadilly,2.57,Piccadilly
735_Piccadilly,770_Piccadilly,2.02,Piccadilly
729_Victoria,522_Victoria,2.5,Victoria
742_Victoria,522_Victoria,2,Victoria
716_Victoria,778_Victoria,2.5,Victoria
625_Victoria,574_Victoria,1.5,Victoria
745_Victoria,574_Victoria,1.5,Victoria
603_Victoria,6119_Victoria,2.56,Victoria
698_Victoria,6119_Victoria,4,Victoria
669_Victoria,590_Victoria,2.04,Victoria
741_Victoria,590_Victoria,2,Victoria
6119_Victoria,603_Victoria,2.55,Victoria
625_Victoria,603_Victoria,3,Victoria
574_Victoria,625_Victoria,2,Victoria
603_Victoria,625_Victoria,3.5,Victoria
590_Victoria,669_Victoria,2.02,Victoria
745_Victoria,669_Victoria,2,Victoria
777_Victoria,776_Victoria,1.5,Victoria
741_Victoria,776_Victoria,2,Victoria
6119_Victoria,698_Victoria,5.76,Victoria
729_Victoria,698_Victoria,3.28,Victoria
778_Victoria,716_Victoria,2,Victoria
777_Victoria,716_Victoria,2.52,Victoria
522_Victoria,729_Victoria,2,Victoria
698_Victoria,729_Victoria,1.5,Victoria
776_Victoria,777_Victoria,1.54,Victoria
716_Victoria,777_Victoria,2.5,Victoria
590_Victoria,741_Victoria,2.54,Victoria
776_Victoria,741_Victoria,2.51,Victoria
522_Victoria,742_Victoria,2.01,Victoria
574_Victoria,745_Victoria,1.5,Victoria
669_Victoria,745_Victoria,2.04,Victoria
747_Waterloo & City,513_Waterloo & City,4,Waterloo & City
513_Waterloo & City,747_Waterloo & City,3.75,Waterloo & City
5131,5131_Elizabeth,2,Connection
3000,3000_Elizabeth,2,Connection
500,500_District,2,Connection
500,500_Piccadilly,2,Connection
502,502_Circle,2,Connection
502,502_Metropolitan,2,Connection
503,503_District,2,Connection
503,503_H & C,2,Connection
505,505_Piccadilly,2,Connection
506,506_Metropolitan,2,Connection
507,507_Northern,2,Connection
508,508_Northern,2,Connection
509,509_Piccadilly,2,Connection
510,510_Piccadilly,2,Connection
511,511_Bakerloo,2,Connection
511,511_Circle,2,Connection
511,511_H & C,2,Connection
511,511_Jubilee,2,Connection
511,511_Metropolitan,2,Connection
512,512_Northern,2,Connection
513,513_Central,2,Connection
513,513_Northern,2,Connection
513,513_Waterloo & City,2,Connection
501,501_Circle,2,Connection
501,501_H & C,2,Connection
501,501_Metropolitan,2,Connection
514,514_District,2,Connection
514,514_H & C,2,Connection
515,515_Central,2,Connection
516,516_District,2,Connection
516,516_Piccadilly,2,Connection
517,517_Circle,2,Connection
517,517_District,2,Connection
518,518_District,2,Connection
519,519_Northern,2,Connection
787,787_Jubilee,2,Connection
520,520_Central,2,Connection
521,521_Circle,2,Connection
521,521_District,2,Connection
522,522_Victoria,2,Connection
524,524_Central,2,Connection
524,524_Elizabeth,2,Connection
524,524_Jubilee,2,Connection
525,525_Northern,2,Connection
526,526_Piccadilly,2,Connection
527,527_Piccadilly,2,Connection
528,528_District,2,Connection
528,528_H & C,2,Connection
529,529_Northern,2,Connection
6872,6872_Elizabeth,2,Connection
778,778_Victoria,2,Connection
530,530_District,2,Connection
530,530_H & C,2,Connection
531,531_Central,2,Connection
3176,3176_Elizabeth,2,Connection
532,532_Northern,2,Connection
534,534_Piccadilly,2,Connection
535,535_Northern,2,Connection
788,788_East London,2,Connection
788,788_Jubilee,2,Connection
666,666_Elizabeth,2,Connection
666,666_Jubilee,2,Connection
884,884_Jubilee,2,Connection
536,536_Circle,2,Connection
536,536_District,2,Connection
537,537_Jubilee,2,Connection
6874,6874_Elizabeth,2,Connection
539,539_Metropolitan,2,Connection
540,540_Northern,2,Connection
541,541_Central,2,Connection
732,732_Bakerloo,2,Connection
732,732_Northern,2,Connection
543,543_Metropolitan,2,Connection
544,544_Central,2,Connection
545,545_District,2,Connection
546,546_Metropolitan,2,Connection
547,547_Northern,2,Connection
548,548_Northern,2,Connection
549,549_Northern,2,Connection
550,550_Piccadilly,2,Connection
551,551_Northern,2,Connection
552,552_Northern,2,Connection
553,553_Piccadilly,2,Connection
554,554_Metropolitan,2,Connection
6964,6964_Elizabeth,2,Connection
555,555_District,2,Connection
556,556_District,2,Connection
557,557_Central,2,Connection
558,558_Jubilee,2,Connection
560,560_Central,2,Connection
560,560_District,2,Connection
560,560_Elizabeth,2,Connection
561,561_District,2,Connection
561,561_Piccadilly,2,Connection
562,562_District,2,Connection
562,562_Piccadilly,2,Connection
563,563_Central,2,Connection
565,565_Northern,2,Connection
566,566_District,2,Connection
566,566_H & C,2,Connection
567,567_District,2,Connection
564,564_Metropolitan,2,Connection
564,564_Piccadilly,2,Connection
568,568_Northern,2,Connection
774,774_Bakerloo,2,Connection
774,774_Circle,2,Connection
774,774_District,2,Connection
774,774_H & C,2,Connection
570,570_Bakerloo,2,Connection
570,570_Northern,2,Connection
571,571_District,2,Connection
542,542_Bakerloo,2,Connection
542,542_Circle,2,Connection
542,542_District,2,Connection
542,542_Northern,2,Connection
572,572_Central,2,Connection
574,574_Northern,2,Connection
574,574_Victoria,2,Connection
575,575_Circle,2,Connection
575,575_H & C,2,Connection
575,575_Metropolitan,2,Connection
576,576_Central,2,Connection
577,577_Circle,2,Connection
577,577_Elizabeth,2,Connection
577,577_H & C,2,Connection
577,577_Metropolitan,2,Connection
578,578_Northern,2,Connection
579,579_Jubilee,2,Connection
579,579_Metropolitan,2,Connection
6119,6119_Piccadilly,2,Connection
6119,6119_Victoria,2,Connection
6876,6876_Elizabeth,2,Connection
581,581_District,2,Connection
582,582_Central,2,Connection
6877,6877_Elizabeth,2,Connection
583,583_Circle,2,Connection
583,583_District,2,Connection
583,583_Piccadilly,2,Connection
584,584_Northern,2,Connection
585,585_Circle,2,Connection
585,585_H & C,2,Connection
586,586_Northern,2,Connection
6878,6878_Elizabeth,2,Connection
587,587_Central,2,Connection
588,588_Circle,2,Connection
588,588_H & C,2,Connection
588,588_Metropolitan,2,Connection
590,590_Jubilee,2,Connection
590,590_Piccadilly,2,Connection
590,590_Victoria,2,Connection
589,589_Central,2,Connection
591,591_District,2,Connection
592,592_Central,2,Connection
773,773_Circle,2,Connection
773,773_H & C,2,Connection
593,593_District,2,Connection
593,593_Piccadilly,2,Connection
594,594_Northern,2,Connection
595,595_Central,2,Connection
3191,3191_Elizabeth,2,Connection
596,596_Bakerloo,2,Connection
6879,6879_Elizabeth,2,Connection
597,597_Bakerloo,2,Connection
598,598_Metropolitan,2,Connection
779,779_Piccadilly,2,Connection
3186,3186_Elizabeth,2,Connection
780,780_Elizabeth,2,Connection
780,780_Piccadilly,2,Connection
781,781_Elizabeth,2,Connection
781,781_Piccadilly,2,Connection
783,783_Elizabeth,2,Connection
783,783_Piccadilly,2,Connection
601,601_Northern,2,Connection
602,602_Northern,2,Connection
605,605_Circle,2,Connection
605,605_District,2,Connection
603,603_Victoria,2,Connection
604,604_Northern,2,Connection
606,606_Metropolitan,2,Connection
606,606_Piccadilly,2,Connection
607,607_Central,2,Connection
607,607_Piccadilly,2,Connection
608,608_Central,2,Connection
609,609_Piccadilly,2,Connection
610,610_District,2,Connection
611,611_Piccadilly,2,Connection
612,612_Piccadilly,2,Connection
613,613_Piccadilly,2,Connection
614,614_Piccadilly,2,Connection
615,615_Metropolitan,2,Connection
615,615_Piccadilly,2,Connection
6881,6881_Elizabeth,2,Connection
3170,3170_Elizabeth,2,Connection
616,616_Northern,2,Connection
617,617_Bakerloo,2,Connection
3092,3092_District,2,Connection
619,619_Northern,2,Connection
620,620_Bakerloo,2,Connection
621,621_District,2,Connection
622,622_Jubilee,2,Connection
623,623_Bakerloo,2,Connection
625,625_Circle,2,Connection
625,625_H & C,2,Connection
625,625_Metropolitan,2,Connection
625,625_Northern,2,Connection
625,625_Piccadilly,2,Connection
625,625_Victoria,2,Connection
624,624_Jubilee,2,Connection
626,626_Piccadilly,2,Connection
627,627_Circle,2,Connection
627,627_H & C,2,Connection
628,628_Bakerloo,2,Connection
629,629_Central,2,Connection
3171,3171_Elizabeth,2,Connection
630,630_Circle,2,Connection
630,630_H & C,2,Connection
631,631_Northern,2,Connection
631,631_Piccadilly,2,Connection
632,632_Central,2,Connection
633,633_Central,2,Connection
634,634_Central,2,Connection
634,634_Circle,2,Connection
634,634_Elizabeth,2,Connection
634,634_H & C,2,Connection
634,634_Metropolitan,2,Connection
635,635_Jubilee,2,Connection
635,635_Northern,2,Connection
636,636_Central,2,Connection
637,637_Bakerloo,2,Connection
3147,3147_Elizabeth,2,Connection
638,638_Piccadilly,2,Connection
6883,6883_Elizabeth,2,Connection
639,639_Circle,2,Connection
639,639_District,2,Connection
640,640_Central,2,Connection
9957,9957_Elizabeth,2,Connection
641,641_Bakerloo,2,Connection
642,642_Central,2,Connection
642,642_District,2,Connection
642,642_H & C,2,Connection
1527,1527_Northern,2,Connection
644,644_Circle,2,Connection
644,644_District,2,Connection
646,646_Metropolitan,2,Connection
645,645_Circle,2,Connection
645,645_H & C,2,Connection
645,645_Metropolitan,2,Connection
645,645_Northern,2,Connection
647,647_Northern,2,Connection
648,648_Northern,2,Connection
649,649_Jubilee,2,Connection
5150,5150_East London,2,Connection
5345,5345_East London,2,Connection
650,650_Central,2,Connection
653,653_Central,2,Connection
654,654_Piccadilly,2,Connection
789,789_Jubilee,2,Connection
656,656_Metropolitan,2,Connection
659,659_Bakerloo,2,Connection
655,655_Piccadilly,2,Connection
657,657_Central,2,Connection
660,660_Metropolitan,2,Connection
661,661_Metropolitan,2,Connection
662,662_Metropolitan,2,Connection
663,663_Central,2,Connection
663,663_Circle,2,Connection
663,663_District,2,Connection
664,664_Piccadilly,2,Connection
665,665_Northern,2,Connection
667,667_Piccadilly,2,Connection
668,668_Northern,2,Connection
669,669_Bakerloo,2,Connection
669,669_Central,2,Connection
669,669_Victoria,2,Connection
670,670_Bakerloo,2,Connection
670,670_Circle,2,Connection
670,670_District,2,Connection
670,670_Elizabeth,2,Connection
670,670_H & C,2,Connection
671,671_Piccadilly,2,Connection
672,672_District,2,Connection
673,673_Central,2,Connection
674,674_Bakerloo,2,Connection
674,674_Piccadilly,2,Connection
776,776_Victoria,2,Connection
675,675_Metropolitan,2,Connection
676,676_District,2,Connection
676,676_H & C,2,Connection
677,677_Metropolitan,2,Connection
678,678_District,2,Connection
680,680_Bakerloo,2,Connection
679,679_Jubilee,2,Connection
681,681_Central,2,Connection
682,682_District,2,Connection
683,683_Metropolitan,2,Connection
683,683_Piccadilly,2,Connection
3149,3149_Elizabeth,2,Connection
684,684_Central,2,Connection
685,685_Bakerloo,2,Connection
5570,5570_District,2,Connection
687,687_Metropolitan,2,Connection
688,688_Central,2,Connection
6886,6886_Elizabeth,2,Connection
1039,1039_East London,2,Connection
690,690_Circle,2,Connection
690,690_H & C,2,Connection
691,691_Metropolitan,2,Connection
691,691_Piccadilly,2,Connection
692,692_Central,2,Connection
693,693_Metropolitan,2,Connection
693,693_Piccadilly,2,Connection
694,694_Piccadilly,2,Connection
6893,6893_Elizabeth,2,Connection
698,698_Victoria,2,Connection
1082,1082_East London,2,Connection
6888,6888_Elizabeth,2,Connection
700,700_Central,2,Connection
775,775_Circle,2,Connection
775,775_H & C,2,Connection
1024,1024_East London,2,Connection
702,702_Circle,2,Connection
702,702_District,2,Connection
3172,3172_Elizabeth,2,Connection
703,703_Central,2,Connection
704,704_Piccadilly,2,Connection
707,707_Piccadilly,2,Connection
708,708_Circle,2,Connection
708,708_District,2,Connection
708,708_Piccadilly,2,Connection
1453,1453_Bakerloo,2,Connection
710,710_Central,2,Connection
711,711_Northern,2,Connection
712,712_Central,2,Connection
3187,3187_Elizabeth,2,Connection
705,705_District,2,Connection
706,706_Piccadilly,2,Connection
784,784_Jubilee,2,Connection
695,695_Circle,2,Connection
695,695_District,2,Connection
696,696_Jubilee,2,Connection
697,697_Central,2,Connection
713,713_District,2,Connection
714,714_Jubilee,2,Connection
715,715_District,2,Connection
715,715_H & C,2,Connection
716,716_Northern,2,Connection
716,716_Victoria,2,Connection
717,717_Bakerloo,2,Connection
719,719_Central,2,Connection
719,719_Elizabeth,2,Connection
719,719_Jubilee,2,Connection
720,720_Piccadilly,2,Connection
721,721_Piccadilly,2,Connection
1083,1083_East London,2,Connection
723,723_Jubilee,2,Connection
3151,3151_Elizabeth,2,Connection
724,724_Circle,2,Connection
724,724_District,2,Connection
725,725_Central,2,Connection
726,726_Northern,2,Connection
727,727_Northern,2,Connection
728,728_Central,2,Connection
728,728_Elizabeth,2,Connection
728,728_Northern,2,Connection
729,729_Victoria,2,Connection
730,730_Northern,2,Connection
731,731_Circle,2,Connection
731,731_District,2,Connection
733,733_Northern,2,Connection
734,734_District,2,Connection
735,735_Piccadilly,2,Connection
3155,3155_Elizabeth,2,Connection
736,736_District,2,Connection
737,737_District,2,Connection
738,738_District,2,Connection
739,739_District,2,Connection
739,739_H & C,2,Connection
740,740_Metropolitan,2,Connection
740,740_Piccadilly,2,Connection
777,777_Victoria,2,Connection
741,741_Circle,2,Connection
741,741_District,2,Connection
741,741_Victoria,2,Connection
742,742_Victoria,2,Connection
743,743_Central,2,Connection
744,744_East London,2,Connection
745,745_Northern,2,Connection
745,745_Victoria,2,Connection
746,746_Bakerloo,2,Connection
747,747_Bakerloo,2,Connection
747,747_Northern,2,Connection
747,747_Waterloo & City,2,Connection
796,796_Jubilee,2,Connection
748,748_Metropolitan,2,Connection
751,751_Bakerloo,2,Connection
752,752_Jubilee,2,Connection
752,752_Metropolitan,2,Connection
753,753_Central,2,Connection
755,755_District,2,Connection
3174,3174_Elizabeth,2,Connection
3188,3188_Elizabeth,2,Connection
756,756_Northern,2,Connection
757,757_District,2,Connection
757,757_H & C,2,Connection
757,757_Jubilee,2,Connection
758,758_Jubilee,2,Connection
759,759_Metropolitan,2,Connection
760,760_District,2,Connection
762,762_Central,2,Connection
754,754_Circle,2,Connection
754,754_H & C,2,Connection
761,761_Circle,2,Connection
761,761_District,2,Connection
761,761_Jubilee,2,Connection
764,764_Central,2,Connection
763,763_District,2,Connection
763,763_East London,2,Connection
763,763_Elizabeth,2,Connection
763,763_H & C,2,Connection
765,765_Jubilee,2,Connection
1457,1457_Bakerloo,2,Connection
5578,5578_District,2,Connection
768,768_District,2,Connection
770,770_Piccadilly,2,Connection
599,599_Circle,2,Connection
599,599_H & C,2,Connection
769,769_Central,2,Connection
771,771_Northern,2,Connection
6562,6562_Elizabeth,2,Connection
